,review_movie_title,review_username,review_rating
0,The Shawshank Redemption,hitchcockthelegend,10.0
1,The Shawshank Redemption,Sleepin_Dragon,10.0
2,The Shawshank Redemption,EyeDunno,10.0
3,The Shawshank Redemption,alexkolokotronis,10.0
4,The Shawshank Redemption,kaspen12,10.0
5,The Shawshank Redemption,TheLittleSongbird,10.0
6,The Shawshank Redemption,Coxer99,10.0
7,The Shawshank Redemption,baumer,10.0
8,The Shawshank Redemption,nowego,10.0
9,The Shawshank Redemption,gavin6942,10.0
10,The Shawshank Redemption,Leofwine_draca,10.0
11,The Shawshank Redemption,auuwws,10.0
12,The Shawshank Redemption,MrHeraclius,9.0
13,The Shawshank Redemption,schnad,10.0
14,The Shawshank Redemption,reismark,10.0
15,The Shawshank Redemption,classicsoncall,10.0
16,The Shawshank Redemption,speedreid,9.0
17,The Shawshank Redemption,bkoganbing,9.0
18,The Shawshank Redemption,weswalker,10.0
19,The Shawshank Redemption,Michael_Elliott,9.0
20,The Shawshank Redemption,lee_eisenberg,10.0
21,The Shawshank Redemption,KissEnglishPasto,10.0
22,The Shawshank Redemption,blairgallop7,10.0
23,The Shawshank Redemption,edwagreen,10.0
24,The Shawshank Redemption,Douglas-2,9.0
50,The Shawshank Redemption,bhester0806,10.0
51,The Shawshank Redemption,JamesHitchcock,9.0
52,The Shawshank Redemption,ethlaid,10.0
53,The Shawshank Redemption,Kirpianuscus,9.0
54,The Shawshank Redemption,hjpog,10.0
55,The Shawshank Redemption,Si Cole,8.0
56,The Shawshank Redemption,The Boz,9.0
57,The Shawshank Redemption,ProperCharlie,10.0
58,The Shawshank Redemption,Dave-79,10.0
59,The Shawshank Redemption,TIFF-sucks,9.0
60,The Shawshank Redemption,neil-476,10.0
61,The Shawshank Redemption,Xstal,8.0
62,The Shawshank Redemption,KORN-6,10.0
63,The Shawshank Redemption,saimaq-27868,10.0
64,The Shawshank Redemption,josephledbury,10.0
65,The Shawshank Redemption,DennisLittrell,8.0
66,The Shawshank Redemption,movibuf1962,9.0
67,The Shawshank Redemption,Tweekums,10.0
68,The Shawshank Redemption,ashi-lance,10.0
69,The Shawshank Redemption,rkeaney,10.0
70,The Shawshank Redemption,CinemaClown,9.0
71,The Shawshank Redemption,Kubrickfan15,10.0
72,The Shawshank Redemption,ma-cortes,9.0
73,The Shawshank Redemption,bevo-13678,10.0
74,The Shawshank Redemption,drdos43,10.0
125,The Shawshank Redemption,Morejambo54,9.0
126,The Shawshank Redemption,shahmatt,10.0
127,The Shawshank Redemption,maubejr,10.0
128,The Shawshank Redemption,kshihab-82620,10.0
129,The Shawshank Redemption,ellandanne,10.0
130,The Shawshank Redemption,djhenebury-1,10.0
131,The Shawshank Redemption,antoinepana,10.0
132,The Shawshank Redemption,AlsExGal,10.0
133,The Shawshank Redemption,simon-englin,9.0
134,The Shawshank Redemption,Food_For_Thought,10.0
135,The Shawshank Redemption,muzahid-13629,10.0
136,The Shawshank Redemption,Matador07,9.0
137,The Shawshank Redemption,jaesboxer,10.0
138,The Shawshank Redemption,bob the moo,9.0
139,The Shawshank Redemption,aurora-41206,10.0
140,The Shawshank Redemption,morrison-dylan-fan,10.0
141,The Shawshank Redemption,FlashCallahan,10.0
142,The Shawshank Redemption,jusdafide,10.0
143,The Shawshank Redemption,george.schmidt,9.0
144,The Shawshank Redemption,email-142-427029,10.0
145,The Shawshank Redemption,Bob Pr.,10.0
146,The Shawshank Redemption,yaols-53324,9.0
147,The Shawshank Redemption,UniqueParticle,10.0
148,The Shawshank Redemption,TxMike,9.0
149,The Shawshank Redemption,Fella_shibby,10.0
225,The Shawshank Redemption,Greyrat2,9.0
226,The Shawshank Redemption,Theo Robertson,8.0
227,The Shawshank Redemption,lagudafuad,9.0
228,The Shawshank Redemption,dickinsonjason-34081,10.0
229,The Shawshank Redemption,tedg,9.0
230,The Shawshank Redemption,jnelso19,10.0
231,The Shawshank Redemption,brentn,10.0
232,The Shawshank Redemption,yousefmahmoud0,10.0
233,The Shawshank Redemption,tom-fetucci-vaughan,9.0
234,The Shawshank Redemption,james-30210,9.0
235,The Shawshank Redemption,james-in-ab,9.0
236,The Shawshank Redemption,namashi_1,10.0
237,The Shawshank Redemption,ben2104,10.0
238,The Shawshank Redemption,EVON1TY,9.0
239,The Shawshank Redemption,jamie-hazard,9.0
240,The Shawshank Redemption,Calicodreamin,10.0
241,The Shawshank Redemption,Vampenguin,9.0
242,The Shawshank Redemption,Science_Fantasy_Guy,10.0
243,The Shawshank Redemption,bellino-angelo2014,10.0
244,The Shawshank Redemption,daveisit,10.0
245,The Shawshank Redemption,DrJoTab,7.0
246,The Shawshank Redemption,osnelgro,10.0
247,The Shawshank Redemption,kasparov,10.0
248,The Shawshank Redemption,strikefirst-68052,9.0
249,The Shawshank Redemption,SnoopyStyle,8.0
350,The Shawshank Redemption,whiskeyinabowlerhat,8.0
351,The Shawshank Redemption,jbartelone,8.0
352,The Shawshank Redemption,dbborroughs,7.0
353,The Shawshank Redemption,Flagrant-Baronessa,9.0
354,The Shawshank Redemption,shiny-metal-ass,10.0
355,The Shawshank Redemption,grantss,10.0
356,The Shawshank Redemption,secondtake,7.0
357,The Shawshank Redemption,Sara-18,10.0
358,The Shawshank Redemption,mocpacific,7.0
359,The Shawshank Redemption,Doylenf,7.0
360,The Shawshank Redemption,view_and_review,10.0
361,The Shawshank Redemption,gcd70,8.0
362,The Shawshank Redemption,thinker1691,9.0
363,The Shawshank Redemption,pyrocitor,10.0
364,The Shawshank Redemption,marcin_kukuczka,10.0
365,The Shawshank Redemption,ElMaruecan82,10.0
366,The Shawshank Redemption,ms-42106,10.0
367,The Shawshank Redemption,emretamer03,8.0
368,The Shawshank Redemption,richcarter1962,10.0
369,The Shawshank Redemption,utgard14,7.0
370,The Shawshank Redemption,allowallo_135,10.0
371,The Shawshank Redemption,jcpixiemedia,10.0
372,The Shawshank Redemption,tccandler,10.0
373,The Shawshank Redemption,bombersflyup,10.0
498,The Shawshank Redemption,JoeytheBrit,9.0
499,The Shawshank Redemption,anaconda-40658,10.0
500,The Shawshank Redemption,AaronCapenBanner,9.0
501,The Shawshank Redemption,Mr-Fusion,9.0
502,The Shawshank Redemption,Vincentiu,9.0
503,The Shawshank Redemption,sddavis63,7.0
504,The Shawshank Redemption,OllieSuave-007,10.0
505,The Shawshank Redemption,jamie-hagane,10.0
506,The Shawshank Redemption,slayerholmes,7.0
507,The Shawshank Redemption,851222,10.0
508,The Shawshank Redemption,nimstic,10.0
509,The Shawshank Redemption,Wistfull,7.0
510,The Shawshank Redemption,RonellSowes,9.0
511,The Shawshank Redemption,sme_no_densetsu,8.0
512,The Shawshank Redemption,Achyut_Prashast_Singh,10.0
513,The Shawshank Redemption,Christian_Dimartino,10.0
514,The Shawshank Redemption,bretttaylor-04022,10.0
515,The Shawshank Redemption,Nuncio,9.0
516,The Shawshank Redemption,Spleen,8.0
517,The Shawshank Redemption,The_Sandheaver,10.0
518,The Shawshank Redemption,victiminvesta,6.0
519,The Shawshank Redemption,yuvrajhanspal,10.0
520,The Shawshank Redemption,MrPupkin,10.0
521,The Shawshank Redemption,L_Copa,9.0
522,The Shawshank Redemption,tikywts,7.0
672,The Shawshank Redemption,mtaimoor-96645,10.0
673,The Shawshank Redemption,mamaramseys,10.0
674,The Shawshank Redemption,joose90,9.0
675,The Shawshank Redemption,kysersoze-1,10.0
676,The Shawshank Redemption,bibi-3,10.0
677,The Shawshank Redemption,guyincognito1,9.0
678,The Shawshank Redemption,conyemenam,10.0
679,The Shawshank Redemption,Levi-5,10.0
680,The Shawshank Redemption,Smells_Like_Cheese,10.0
681,The Shawshank Redemption,DiSTuRBeDx,9.0
682,The Shawshank Redemption,kevjfarrell,3.0
683,The Shawshank Redemption,mchollandmatthew,10.0
684,The Shawshank Redemption,Marmaduke Grove,3.0
685,The Shawshank Redemption,tiff-is-a-joke,10.0
686,The Shawshank Redemption,Darren-12,7.0
687,The Shawshank Redemption,MovieAddict2016,6.0
688,The Shawshank Redemption,WYLION-SOTIRISKING,10.0
689,The Shawshank Redemption,brendastern,9.0
690,The Shawshank Redemption,negero-earrings-suv,9.0
691,The Shawshank Redemption,exusninja,10.0
692,The Shawshank Redemption,tcmay-1,10.0
693,The Shawshank Redemption,lambiepie-2,3.0
694,The Shawshank Redemption,mattrochman,7.0
695,The Shawshank Redemption,creedrock2003,10.0
696,The Shawshank Redemption,papadea1953,10.0
871,The Shawshank Redemption,luva1s,10.0
872,The Shawshank Redemption,chadlund,3.0
873,The Shawshank Redemption,LeonLouisRicci,8.0
874,The Shawshank Redemption,Dar Star,6.0
875,The Shawshank Redemption,joshuavogel79,10.0
876,The Shawshank Redemption,royals794,10.0
877,The Shawshank Redemption,haniff,10.0
878,The Shawshank Redemption,laurin-02109,8.0
879,The Shawshank Redemption,Howlin Wolf,8.0
880,The Shawshank Redemption,MattB-5,3.0
881,The Shawshank Redemption,ivko,10.0
882,The Shawshank Redemption,karma-9,10.0
883,The Shawshank Redemption,sivam-66902,10.0
884,The Shawshank Redemption,SimonHeide,3.0
885,The Shawshank Redemption,markharnden,8.0
886,The Shawshank Redemption,mikayakatnt,10.0
887,The Shawshank Redemption,Dr_Sagan,9.0
888,The Shawshank Redemption,caa821,10.0
889,The Shawshank Redemption,Keegen,9.0
890,The Shawshank Redemption,eqtron,10.0
891,The Shawshank Redemption,Nermal-3,10.0
892,The Shawshank Redemption,Quinoa1984,10.0
893,The Shawshank Redemption,michaelradny,8.0
894,The Shawshank Redemption,richard-mason,4.0
895,The Shawshank Redemption,annedxb,10.0
1095,The Shawshank Redemption,sm-faiz,10.0
1096,The Shawshank Redemption,Brad K.,10.0
1097,The Shawshank Redemption,shiaunmiles,10.0
1098,The Shawshank Redemption,jldmp1,3.0
1099,The Shawshank Redemption,kaushalkrushnakantraj,8.0
1100,The Shawshank Redemption,sunnynash1,10.0
1101,The Shawshank Redemption,compi24,10.0
1102,The Shawshank Redemption,AS-5,10.0
1103,The Shawshank Redemption,calebwilliams,3.0
1104,The Shawshank Redemption,fossilwwjd,10.0
1105,The Shawshank Redemption,sbrahman,10.0
1106,The Shawshank Redemption,lutu-10364,10.0
1107,The Shawshank Redemption,for_and,10.0
1108,The Shawshank Redemption,obsolete,9.0
1109,The Shawshank Redemption,moonspinner55,6.0
1110,The Shawshank Redemption,KFL,6.0
1111,The Shawshank Redemption,Vickiefriends,10.0
1112,The Shawshank Redemption,Bloker-1,10.0
1113,The Shawshank Redemption,Ben_Cheshire,7.0
1114,The Shawshank Redemption,TBJCSKCNRRQTreviews,5.0
1115,The Shawshank Redemption,mjw2305,10.0
1116,The Shawshank Redemption,critic-22,10.0
1117,The Shawshank Redemption,noakarnesson,10.0
1118,The Shawshank Redemption,subodh-yadav,9.0
1119,The Shawshank Redemption,delbomber,10.0
1344,The Shawshank Redemption,jono1975,3.0
1345,The Shawshank Redemption,ZeyuZhang_1229,10.0
1346,The Shawshank Redemption,cipheronvine,10.0
1347,The Shawshank Redemption,Feistfan,3.0
1348,The Shawshank Redemption,lianzantoro,7.0
1349,The Shawshank Redemption,preposterous,4.0
1350,The Shawshank Redemption,Worob,10.0
1351,The Shawshank Redemption,scgfckzb,10.0
1352,The Shawshank Redemption,Amanda-12,10.0
1353,The Shawshank Redemption,aziz-737-972827,10.0
1354,The Shawshank Redemption,dworldeater,10.0
1355,The Shawshank Redemption,youaredoingitwrong,10.0
1356,The Shawshank Redemption,Laakbaar,8.0
1357,The Shawshank Redemption,packarduk,10.0
1358,The Shawshank Redemption,Zoopansick,6.0
1359,The Shawshank Redemption,Loophole-3,10.0
1360,The Shawshank Redemption,bmfj,9.0
1361,The Shawshank Redemption,thenolanfan,7.0
1362,The Shawshank Redemption,wwwsohailhassan,10.0
1363,The Shawshank Redemption,rajandey,10.0
1364,The Shawshank Redemption,Buckywunder,5.0
1365,The Shawshank Redemption,Doctor_Bombay,9.0
1366,The Shawshank Redemption,ScanlonPJ,6.0
1367,The Shawshank Redemption,len-21,9.0
1368,The Shawshank Redemption,movie-lover7,10.0
1618,The Shawshank Redemption,wwe7961,10.0
1619,The Shawshank Redemption,aaronyovanovits,10.0
1620,The Shawshank Redemption,meetnavpk,10.0
1621,The Shawshank Redemption,alexanderhuggard,10.0
1622,The Shawshank Redemption,v_goggo,5.0
1623,The Shawshank Redemption,Willie-12,10.0
1624,The Shawshank Redemption,deputydoofus,7.0
1625,The Shawshank Redemption,djole-cerovic,10.0
1626,The Shawshank Redemption,bass1bone,10.0
1627,The Shawshank Redemption,Dessitta,10.0
1628,The Shawshank Redemption,domarulz,10.0
1629,The Shawshank Redemption,ahmedelamings,10.0
1630,The Shawshank Redemption,curtisbates9,10.0
1631,The Shawshank Redemption,bobcreepera,10.0
1632,The Shawshank Redemption,mynameisneo,10.0
1633,The Shawshank Redemption,SimonJack,10.0
1634,The Shawshank Redemption,disdressed12,10.0
1635,The Shawshank Redemption,JeanRalphio,10.0
1636,The Shawshank Redemption,stregeria,6.0
1637,The Shawshank Redemption,DKosty123,10.0
1638,The Shawshank Redemption,ThunderKing6,10.0
1639,The Shawshank Redemption,cricketbat,10.0
1640,The Shawshank Redemption,merrichanton,10.0
1641,The Shawshank Redemption,Red_Identity,9.0
1642,The Shawshank Redemption,Thanos_Alfie,10.0
0,The Godfather,CalRhys,9.0
1,The Godfather,,10.0
4,The Godfather,MrHeraclius,9.0
13,The Godfather,,7.0
14,The Godfather,,9.0
18,The Godfather,,8.0
50,The Godfather,bob the moo,9.0
62,The Godfather,,6.0
125,The Godfather,tedg,9.0
134,The Godfather,tfrizzell,9.0
140,The Godfather,GusF,9.0
226,The Godfather,TxMike,9.0
230,The Godfather,CinemaClown,9.0
248,The Godfather,Stormchaser99,9.0
363,The Godfather,,5.0
506,The Godfather,amesmonde,9.0
677,The Godfather,,4.0
690,The Godfather,,1.0
692,The Godfather,,3.0
896,The Godfather,miguelpratas94,9.0
1109,The Godfather,Kirpianuscus,9.0
1120,The Godfather,,2.0
1351,The Godfather,Dr_Coulardeau,9.0
1365,The Godfather,Michael_Elliott,9.0
1371,The Godfather,mermatt,9.0
1372,The Godfather,eibon09,9.0
1631,The Godfather,bat-5,9.0
1635,The Godfather,darth_sidious,9.0
1637,The Godfather,smla02,9.0
1640,The Godfather,The_Core,9.0
0,The Matrix,acedj,10.0
1,The Matrix,suryanmukul,10.0
2,The Matrix,xNecRosex,10.0
3,The Matrix,MrHeraclius,9.0
4,The Matrix,Kirpianuscus,9.0
5,The Matrix,MinorityReporter,10.0
6,The Matrix,KissEnglishPasto,10.0
7,The Matrix,UniqueParticle,10.0
8,The Matrix,EVON1TY,10.0
9,The Matrix,TheLittleSongbird,9.0
10,The Matrix,david-meldrum,10.0
11,The Matrix,lastliberal-853-253708,9.0
12,The Matrix,Xophianic,9.0
13,The Matrix,notoriousCASK,10.0
14,The Matrix,TaylorYee94,10.0
15,The Matrix,SdrolionGM,9.0
16,The Matrix,mambubukid,10.0
17,The Matrix,WeAreLive,10.0
18,The Matrix,cerelacholmes,10.0
19,The Matrix,samconlan94,10.0
20,The Matrix,Hitchcoc,9.0
42,The Matrix,drrajeevshukla,10.0
43,The Matrix,emptyskies,10.0
45,The Matrix,MercurioKnight,9.0
46,The Matrix,mail-3216,10.0
47,The Matrix,mrvino15,10.0
48,The Matrix,aidanratesmovies,10.0
49,The Matrix,bencoops,10.0
50,The Matrix,Sam_M_Antony,10.0
51,The Matrix,ShinKyo81,10.0
52,The Matrix,muamba_eats_toast,10.0
53,The Matrix,Xstal,9.0
54,The Matrix,Sudarshan_Pawar,10.0
55,The Matrix,zfiany,10.0
56,The Matrix,Boba_Fett1138,10.0
57,The Matrix,BA_Harrison,10.0
58,The Matrix,SnoopyStyle,9.0
59,The Matrix,MrsRainbow,9.0
60,The Matrix,c_bar-09478,10.0
61,The Matrix,Adam-09265,9.0
103,The Matrix,Pessimisticynic,10.0
104,The Matrix,johnfos,9.0
105,The Matrix,george.schmidt,9.0
106,The Matrix,elto-30283,10.0
107,The Matrix,ma-cortes,9.0
108,The Matrix,soumyalal2,10.0
109,The Matrix,jackgdemoss,9.0
110,The Matrix,dogg01,8.0
111,The Matrix,auuwws,9.0
112,The Matrix,view_and_review,9.0
113,The Matrix,Skeletors_Hood,10.0
114,The Matrix,wolf_wallace,10.0
115,The Matrix,LeonLouisRicci,10.0
116,The Matrix,Horror-yo,10.0
117,The Matrix,ozer-can2,10.0
118,The Matrix,DanielStephens1988,10.0
119,The Matrix,CuriosityKilledShawn,6.0
120,The Matrix,Analog_Devotee,7.0
121,The Matrix,ccthemovieman-1,8.0
182,The Matrix,mfisher452,9.0
183,The Matrix,WubsTheFadger,10.0
184,The Matrix,billion_mucks,10.0
185,The Matrix,jack_o_hasanov_imdb,10.0
186,The Matrix,TBJCSKCNRRQTreviews,10.0
187,The Matrix,masonsaul,10.0
188,The Matrix,SoumikBanerjee1996,9.0
189,The Matrix,sampsonart,9.0
190,The Matrix,q-42368-49274,9.0
191,The Matrix,Manchui,7.0
192,The Matrix,bob the moo,9.0
193,The Matrix,TxMike,9.0
194,The Matrix,naomilouiefarias,10.0
195,The Matrix,perica-43151,7.0
196,The Matrix,guskeller,9.0
197,The Matrix,Buddy-51,6.0
198,The Matrix,Jonell,10.0
199,The Matrix,Ashrith26,7.0
200,The Matrix,wes-connors,9.0
201,The Matrix,Calicodreamin,9.0
202,The Matrix,stlouisgirl-36418,10.0
284,The Matrix,meathookcinema,5.0
285,The Matrix,Erewhon,8.0
286,The Matrix,taldarus,7.0
287,The Matrix,happytoms,10.0
288,The Matrix,DunnDeeDaGreat,8.0
289,The Matrix,Spleen,8.0
290,The Matrix,cuddlesatusc,8.0
291,The Matrix,akdjreview,10.0
292,The Matrix,tom10_,10.0
293,The Matrix,anthonydapiii,10.0
294,The Matrix,gavinpiliczky,10.0
295,The Matrix,s_daad,3.0
296,The Matrix,WasiReviews,10.0
297,The Matrix,Prismark10,7.0
298,The Matrix,hooma814,9.0
299,The Matrix,SteelBlue82,9.0
300,The Matrix,tempsjayjay,10.0
301,The Matrix,azbayarz,10.0
302,The Matrix,Anonymous_Maxine,10.0
303,The Matrix,anterkost,10.0
304,The Matrix,jimmydennis00,9.0
305,The Matrix,joao-luiz_mjr,10.0
306,The Matrix,yaszi-83296,9.0
307,The Matrix,judybrennert,9.0
308,The Matrix,inframan,9.0
415,The Matrix,Sleepin_Dragon,10.0
416,The Matrix,harryplinkett14,1.0
417,The Matrix,dltdvd,7.0
418,The Matrix,PreOre72,3.0
419,The Matrix,danyinfantino,10.0
420,The Matrix,Qanqor,1.0
421,The Matrix,PIST-OFF,10.0
422,The Matrix,kenjha,1.0
423,The Matrix,roddekker,4.0
424,The Matrix,harry-76,1.0
425,The Matrix,tfrizzell,9.0
426,The Matrix,Soujiro,5.0
427,The Matrix,evanston_dad,9.0
428,The Matrix,blake-northcott,10.0
429,The Matrix,led_zeppelin_zoso,8.0
430,The Matrix,trashgang,9.0
431,The Matrix,RachelG-2,1.0
432,The Matrix,Mark-201,1.0
433,The Matrix,AaronCapenBanner,9.0
434,The Matrix,jpintar,3.0
561,The Matrix,Angry_Arguer,1.0
562,The Matrix,arthur_tafero,6.0
563,The Matrix,cricketbat,10.0
564,The Matrix,Thanos6,1.0
565,The Matrix,Danimal-7,5.0
566,The Matrix,pooch-8,9.0
567,The Matrix,southdavid,9.0
568,The Matrix,damianphelps,10.0
569,The Matrix,filipemanuelneto,9.0
570,The Matrix,cruise01,10.0
571,The Matrix,AvionPrince16,8.0
572,The Matrix,gianmarcoronconi,9.0
573,The Matrix,dr_foreman,4.0
574,The Matrix,Theo Robertson,7.0
575,The Matrix,Amyth47,10.0
576,The Matrix,doomedmac,9.0
577,The Matrix,i_am_momo,5.0
578,The Matrix,ashfordofficial,9.0
579,The Matrix,eva3si0n,9.0
580,The Matrix,michaeltrivedi,8.0
581,The Matrix,MovieAddict2016,6.0
582,The Matrix,id247,1.0
583,The Matrix,dasa108,7.0
733,The Matrix,saru2020,10.0
734,The Matrix,PCC0921,8.0
735,The Matrix,rebeljenn,6.0
736,The Matrix,savagebunny-16867,10.0
737,The Matrix,wellthatswhatithinkanyway,9.0
738,The Matrix,nicholls905-280-546911,10.0
739,The Matrix,braddugg,6.0
740,The Matrix,mst86,1.0
741,The Matrix,elenamarri,10.0
742,The Matrix,Mike_Devine,8.0
743,The Matrix,rbarretocaetano,10.0
744,The Matrix,The_Other_Snowman,2.0
745,The Matrix,breadandhammers,9.0
746,The Matrix,MattUK,9.0
747,The Matrix,Ripe Peach,1.0
748,The Matrix,TheCorniestLemur,9.0
749,The Matrix,IQ42,5.0
750,The Matrix,Sonatine97,7.0
751,The Matrix,freakroach,10.0
752,The Matrix,Offworld_Colony,10.0
753,The Matrix,Screen_O_Genic,9.0
754,The Matrix,namashi_1,10.0
926,The Matrix,willcundallreview,9.0
927,The Matrix,coombsstephen,9.0
928,The Matrix,thebishop2,6.0
929,The Matrix,KineticSeoul,9.0
930,The Matrix,mikeiskorn,10.0
931,The Matrix,andrewjerome,1.0
932,The Matrix,cyberknight,10.0
933,The Matrix,zzhhhqing,10.0
934,The Matrix,Manthorpe,6.0
935,The Matrix,eskimosound,10.0
936,The Matrix,pkpera,8.0
937,The Matrix,ajkbiotech,10.0
938,The Matrix,Stevenuccj,1.0
939,The Matrix,chubarova,10.0
940,The Matrix,dickinsonjason-34081,10.0
941,The Matrix,kelly-gaudreau,10.0
942,The Matrix,antoinebachmann,1.0
943,The Matrix,skrstenansky,7.0
944,The Matrix,michaelRokeefe,7.0
945,The Matrix,timeblank,10.0
946,The Matrix,L_Copa,10.0
947,The Matrix,shaikhirshad-41223,9.0
1141,The Matrix,mihai_alexandru_chindris,9.0
1142,The Matrix,joseayarza,3.0
1143,The Matrix,theVade,7.0
1144,The Matrix,budmassey,9.0
1145,The Matrix,estevexzz-69-169052,10.0
1146,The Matrix,al_gd,1.0
1147,The Matrix,DeathByTelevision,1.0
1148,The Matrix,blauregenbogen,10.0
1149,The Matrix,midniteprincess,1.0
1150,The Matrix,garrisons-78907,10.0
1151,The Matrix,extravaluejotter,7.0
1152,The Matrix,sddavis63,2.0
1153,The Matrix,VictoriaZillo,10.0
1154,The Matrix,Mendelovich,1.0
1155,The Matrix,Filmudo_BR,10.0
1156,The Matrix,enricoshapka,10.0
1157,The Matrix,zensawa,10.0
1158,The Matrix,Barky44,4.0
1159,The Matrix,matrixdukenukem,10.0
1160,The Matrix,Jarv1,4.0
1374,The Matrix,ttbrowne,1.0
1375,The Matrix,Flagrant-Baronessa,9.0
1376,The Matrix,tmansreviews,10.0
1377,The Matrix,celeelynn,10.0
1378,The Matrix,TERMINATOR180,1.0
1379,The Matrix,Vladimir_Grozescu,1.0
1380,The Matrix,InlyCii,8.0
1381,The Matrix,The_Void,8.0
1382,The Matrix,AlexPechlivanidis,10.0
1383,The Matrix,denmez27,10.0
1384,The Matrix,occupant-1,7.0
1385,The Matrix,YellowManReanimated,9.0
1386,The Matrix,rallder19,10.0
1387,The Matrix,giant_fish,1.0
1388,The Matrix,ctosangel-2,1.0
1389,The Matrix,rik8888,9.0
1390,The Matrix,paul_haakonsen,6.0
1391,The Matrix,Aaron1375,8.0
1392,The Matrix,apollo_projects-685-479654,8.0
1393,The Matrix,csm23,9.0
1394,The Matrix,mattfrancis-03963,6.0
1395,The Matrix,extraplay-61838,10.0
0,Interstellar,MR4V,10.0
1,Interstellar,mathancephas,10.0
2,Interstellar,pratyushrvempati,10.0
3,Interstellar,Azeymus-fbc,10.0
4,Interstellar,RyanB123,10.0
5,Interstellar,chiefery,7.0
6,Interstellar,shahdanturung,10.0
7,Interstellar,JJxFile,10.0
8,Interstellar,soto190,10.0
9,Interstellar,presidenation,10.0
10,Interstellar,gregorfranz,10.0
11,Interstellar,amymartine-73470,10.0
12,Interstellar,jan-kroon,10.0
13,Interstellar,ummer-51499,10.0
14,Interstellar,rahatafnan-48050,10.0
15,Interstellar,roycaspers,10.0
16,Interstellar,luciachicheri,10.0
17,Interstellar,bjebleoversoul,10.0
18,Interstellar,castanedarobert-07211,10.0
19,Interstellar,shervin-farmnafarmaee,10.0
20,Interstellar,davidmariottini,10.0
21,Interstellar,rockfordmoore,10.0
22,Interstellar,gorisjoel,10.0
23,Interstellar,sahilhossain-05527,10.0
48,Interstellar,karenlemosb,10.0
49,Interstellar,d-41769,9.0
50,Interstellar,marinelademrozi,10.0
51,Interstellar,ivantur-92667,10.0
52,Interstellar,Nuwan_Madushanka_Hettiarachchi,10.0
53,Interstellar,xlucianox,10.0
54,Interstellar,ravishangamakumbura,10.0
55,Interstellar,chinayuhongwei,10.0
56,Interstellar,naufalkece,10.0
57,Interstellar,amirkinggame-63018,10.0
58,Interstellar,xxthespinerxx,10.0
59,Interstellar,uslfdwong,10.0
60,Interstellar,vishaltesla,9.0
61,Interstellar,maisafaris,10.0
62,Interstellar,corgizzzq,7.0
63,Interstellar,neerajmanjhi-59996,9.0
104,Interstellar,somnath796,10.0
105,Interstellar,ryanwickens-02663,10.0
106,Interstellar,hyagoessemusic,10.0
107,Interstellar,nicolex-47992,10.0
108,Interstellar,louitlippstreu,10.0
109,Interstellar,jleall,10.0
110,Interstellar,hossein_sfa,10.0
111,Interstellar,TIvalio,9.0
112,Interstellar,herladonegro,9.0
113,Interstellar,charlesfarinasonesix,10.0
114,Interstellar,binnybenedict,10.0
115,Interstellar,abdullaahziad,10.0
116,Interstellar,sontya,10.0
117,Interstellar,katgurl81,10.0
118,Interstellar,SaysFaezeh,6.0
119,Interstellar,moralesvidesign,10.0
120,Interstellar,ubWanted,8.0
121,Interstellar,erafatema,8.0
122,Interstellar,emrr-94323,10.0
123,Interstellar,diiveraly,8.0
124,Interstellar,bryanbernardi,10.0
125,Interstellar,sujeetdon,10.0
126,Interstellar,YTTechPorwal,10.0
190,Interstellar,krishna-71074,9.0
191,Interstellar,martjoerg,10.0
192,Interstellar,saulzgm,8.0
193,Interstellar,escobarjeronimo,10.0
194,Interstellar,tanwarshukrantcool,10.0
195,Interstellar,DanielleMeggoe,10.0
196,Interstellar,dharshinirufus,10.0
197,Interstellar,guillembarcelo,10.0
198,Interstellar,infoarshad-17239,10.0
199,Interstellar,marcusreynolds-35762,9.0
200,Interstellar,issoambanje,9.0
201,Interstellar,clemensbade,9.0
202,Interstellar,oscarinformaticautem,10.0
203,Interstellar,skd-84870,10.0
204,Interstellar,motherearth-53054,10.0
205,Interstellar,johnnybooney,10.0
206,Interstellar,dmggzht,9.0
207,Interstellar,ruchityoyo,10.0
208,Interstellar,kamilbabaoglu,9.0
209,Interstellar,lucyemiller-35873,8.0
293,Interstellar,Flomesy,10.0
294,Interstellar,namikazeminatoz,10.0
295,Interstellar,fabianvargasretamal,9.0
296,Interstellar,elyssacastro,10.0
297,Interstellar,suhansaha-75321,10.0
298,Interstellar,annalizlaz-32501,10.0
299,Interstellar,sgtbudd,9.0
300,Interstellar,jasper-72283,10.0
301,Interstellar,iamalexismonet,9.0
302,Interstellar,huntlocals,10.0
303,Interstellar,rimvydasardickas,10.0
304,Interstellar,mustafaalikaratas,10.0
305,Interstellar,nrdgn,10.0
306,Interstellar,galantix-11855,10.0
307,Interstellar,asadallahkarimi,10.0
308,Interstellar,amiraabdelfattah,10.0
309,Interstellar,cyansmoking,10.0
310,Interstellar,digitalkarecom,9.0
311,Interstellar,wwddrpzq,10.0
312,Interstellar,michaelberteotti,10.0
313,Interstellar,pozdravime,10.0
418,Interstellar,qqe128,10.0
419,Interstellar,jbrshp,10.0
420,Interstellar,ysaad-15683,10.0
421,Interstellar,aidendavenport,10.0
422,Interstellar,yadek-14669,9.0
423,Interstellar,itmgabrielribeiro,10.0
424,Interstellar,moumadineyoussef,10.0
425,Interstellar,kagalwalamustafa-19499,10.0
426,Interstellar,ravichouhan-38446,10.0
427,Interstellar,IvanBobyrew,10.0
428,Interstellar,iezhov,10.0
429,Interstellar,aromenskaya,10.0
430,Interstellar,filinapolina,10.0
431,Interstellar,pglotov-86876,10.0
432,Interstellar,ditovmasan,7.0
433,Interstellar,berdyaev-94033,10.0
434,Interstellar,matveisyhoi,10.0
435,Interstellar,Klim243,10.0
436,Interstellar,matosand,9.0
437,Interstellar,IArtemkaI,10.0
438,Interstellar,anna-06656,10.0
564,Interstellar,msmarina-25313,7.0
565,Interstellar,dashakochubeeva,10.0
566,Interstellar,h-mmedia,4.0
567,Interstellar,besoh-00204,9.0
568,Interstellar,yakovlevdmk,10.0
569,Interstellar,ekit-36173,10.0
570,Interstellar,russiontank,10.0
571,Interstellar,animatorabdul,10.0
572,Interstellar,ssaminali,8.0
573,Interstellar,mrtymn-03948,9.0
574,Interstellar,fredrikaspoey,10.0
575,Interstellar,manager-30607,9.0
713,Interstellar,afxrodrigues,10.0
714,Interstellar,farenfarenhait-73028,10.0
715,Interstellar,jacksonp-46885,10.0
716,Interstellar,mohammad-64000,10.0
717,Interstellar,pavneetsingh-43683,8.0
718,Interstellar,hemant-57924,8.0
719,Interstellar,alakshendr,10.0
720,Interstellar,emad-28284,10.0
721,Interstellar,kuatercraft,10.0
722,Interstellar,saule-27695,10.0
723,Interstellar,drwdzhyys,9.0
724,Interstellar,dikshitraghav,9.0
725,Interstellar,lovewyyforever,10.0
726,Interstellar,victorbento-08764,10.0
727,Interstellar,cucumberray,10.0
728,Interstellar,katyakulyzhka,10.0
729,Interstellar,silviomalvestio,10.0
730,Interstellar,JaeOates,10.0
731,Interstellar,natjeza,10.0
732,Interstellar,megcurquhart,10.0
890,Interstellar,jackmegalol,10.0
891,Interstellar,Blink-189,10.0
892,Interstellar,avisandhu,10.0
893,Interstellar,eth-75908,10.0
894,Interstellar,towerss,10.0
895,Interstellar,peltokangasaapo-06691,10.0
896,Interstellar,ryanbcorby,10.0
897,Interstellar,mehrdroidtm,10.0
898,Interstellar,new_future_tech,9.0
899,Interstellar,user-operator,9.0
900,Interstellar,ryanrodel,10.0
901,Interstellar,bikram-duggal,7.0
902,Interstellar,christian-randall,10.0
903,Interstellar,sotosv1982,10.0
904,Interstellar,neeraj-singh-cool,10.0
905,Interstellar,contact-584-942168,9.0
906,Interstellar,platontw,8.0
907,Interstellar,mikealmond,10.0
908,Interstellar,rkannan357,10.0
909,Interstellar,mofrappa,10.0
1087,Interstellar,SeventhChance,7.0
1088,Interstellar,Wargoz,10.0
1089,Interstellar,Kilian-Sch,10.0
1090,Interstellar,saffatflintlockwood,9.0
1091,Interstellar,emicu04-941-215488,10.0
1092,Interstellar,mishovd,8.0
1093,Interstellar,somi1994,10.0
1094,Interstellar,jachico,10.0
1095,Interstellar,mohamedhaddad,8.0
1096,Interstellar,sameeranrao,9.0
1097,Interstellar,tillywilly17,10.0
1098,Interstellar,razvan_25101983,10.0
1099,Interstellar,AnyumelEmuge,10.0
1100,Interstellar,onebigmob1845,8.0
1101,Interstellar,Kutral,10.0
1102,Interstellar,murat_clk,10.0
1103,Interstellar,carol-alves1999,10.0
1104,Interstellar,ddion8206,9.0
1105,Interstellar,diegoarbore,9.0
1106,Interstellar,radioflyer479,9.0
1304,Interstellar,solomon224,9.0
1305,Interstellar,loofyboy,10.0
1306,Interstellar,chris-leblanc-172-113783,8.0
1307,Interstellar,Lorianne2010,9.0
1308,Interstellar,benb02,10.0
1309,Interstellar,fersonable-87301,10.0
1310,Interstellar,cedric-viaud,8.0
1311,Interstellar,pikushaa,9.0
1312,Interstellar,oleary-dan,10.0
1313,Interstellar,rrtdj,10.0
1314,Interstellar,EcLiB,10.0
1315,Interstellar,fb90,9.0
1316,Interstellar,evweel,1.0
1317,Interstellar,saud-sh,10.0
1318,Interstellar,vikas7274,7.0
1319,Interstellar,tarlabasi_cocuguyuz,4.0
1320,Interstellar,taabishm2,9.0
1321,Interstellar,devbansal,10.0
1322,Interstellar,GeorgeTheX,10.0
1323,Interstellar,niemamnietu,10.0
0,Inception,adrien_ngoc_1701,10.0
1,Inception,srcooper-756-646671,10.0
2,Inception,EVON1TY,10.0
3,Inception,mrmocun,10.0
4,Inception,naman-avastol,10.0
5,Inception,Ch4ndler_B1ng,10.0
6,Inception,D_Burke,10.0
7,Inception,planktonrules,8.0
8,Inception,konradbuczak,8.0
9,Inception,dvc5159,8.0
10,Inception,lhbaker-28783,10.0
11,Inception,forzosky,10.0
12,Inception,clipturnity,9.0
13,Inception,drakula2005,10.0
14,Inception,marcusdean118,10.0
15,Inception,hitchcockthelegend,9.0
16,Inception,chaaa,10.0
17,Inception,Hitchcoc,10.0
18,Inception,funkyfry,6.0
19,Inception,murtaza_mma,9.0
20,Inception,siddhantadlakha,10.0
21,Inception,Carl_Tait,5.0
22,Inception,Smells_Like_Cheese,10.0
23,Inception,LeonLouisRicci,4.0
24,Inception,Doylenf,6.0
50,Inception,technofunkie,10.0
51,Inception,evanston_dad,5.0
52,Inception,RIK-22,1.0
53,Inception,bob the moo,9.0
54,Inception,sddavis63,4.0
55,Inception,paul2001sw-1,4.0
56,Inception,moviexclusive,10.0
57,Inception,howemonika,10.0
58,Inception,dario_van_kuschn,6.0
59,Inception,grumpy-3,1.0
60,Inception,akdjreview,9.0
61,Inception,Egg_MacGuffin,3.0
62,Inception,HotToastyRag,4.0
63,Inception,spaaw,10.0
64,Inception,Angelus2,4.0
65,Inception,bennyhagen,4.0
66,Inception,Turfseer,4.0
67,Inception,deepfrieddodo,9.0
68,Inception,dharmendrasingh,6.0
69,Inception,Almultimavenger,2.0
70,Inception,Snappy207,9.0
71,Inception,DICK STEEL,10.0
72,Inception,lovemichaeljordan,10.0
73,Inception,jeroen-106,4.0
74,Inception,laura_macleod,9.0
125,Inception,dbborroughs,7.0
126,Inception,TheLittleSongbird,7.0
127,Inception,manojitbaidya,10.0
128,Inception,ElMaruecan82,6.0
129,Inception,chaos-rampant,9.0
130,Inception,TheAnimalMother,7.0
131,Inception,briancham1994,6.0
132,Inception,Glock_Boy,5.0
133,Inception,auuwws,6.0
134,Inception,jamesfoley-45668,5.0
135,Inception,Sleepin_Dragon,10.0
136,Inception,Michael_Elliott,9.0
137,Inception,BA_Harrison,5.0
138,Inception,kenjha,1.0
139,Inception,abcprivateemail,8.0
140,Inception,supah79,1.0
141,Inception,HaddonfieldJason,1.0
142,Inception,CihanVercan,6.0
143,Inception,tedg,9.0
144,Inception,greenwardsuzy,10.0
145,Inception,sunznc,4.0
146,Inception,blackmambamark,9.0
147,Inception,innocuous,4.0
148,Inception,markgorman,5.0
149,Inception,davidgee,4.0
225,Inception,maddog-50,1.0
226,Inception,nikitalinivenko,5.0
227,Inception,vitaleralphlouis,2.0
228,Inception,petra_ste,8.0
229,Inception,hyder_sagg2003,5.0
230,Inception,phd_travel,1.0
231,Inception,sandover,9.0
232,Inception,lists-9,4.0
233,Inception,karimnn,7.0
234,Inception,ThatAnimeSnob,6.0
235,Inception,rmax304823,2.0
236,Inception,Rindiana,5.0
237,Inception,mirwais-orbit,5.0
238,Inception,harveyneary-73065,10.0
239,Inception,inframan,1.0
240,Inception,jordandorothy-30739,8.0
241,Inception,ravenosa,2.0
242,Inception,JRmf,6.0
243,Inception,TourettesPersonal,10.0
244,Inception,disdressed12,7.0
245,Inception,AJ4F,5.0
246,Inception,mcw2112,4.0
247,Inception,zadkine,1.0
248,Inception,MarilynManson,1.0
249,Inception,Polaris_DiB,6.0
350,Inception,raulfaust,4.0
351,Inception,preppy-3,1.0
352,Inception,jsaus63304,4.0
353,Inception,springsunnywinter,5.0
354,Inception,E-un,5.0
355,Inception,CineCritic2517,1.0
356,Inception,doorsscorpywag,1.0
357,Inception,nelliebell-1,4.0
358,Inception,jaybob,6.0
359,Inception,christopher-underwood,5.0
360,Inception,hnt_dnl,8.0
362,Inception,mach1ne,4.0
363,Inception,MOOVYZ,6.0
364,Inception,FeastMode,10.0
365,Inception,mukava991,3.0
366,Inception,Viva_Chiba,1.0
367,Inception,dixxjamm,2.0
368,Inception,LOL101LOL,3.0
369,Inception,pseawrig,1.0
370,Inception,bobdude-2,5.0
371,Inception,ThomasDrufke,10.0
372,Inception,filipemanuelneto,7.0
373,Inception,vlevensonnd-1,5.0
374,Inception,mancuniangr,1.0
500,Inception,zkonedog,7.0
501,Inception,buckikris,4.0
502,Inception,mollyshelhamer,10.0
503,Inception,vampyrecowboy,7.0
504,Inception,robnels2000,2.0
505,Inception,MTNmovieMan,9.0
506,Inception,GLanoue,1.0
507,Inception,JasonIK75,1.0
508,Inception,claudio_carvalho,6.0
509,Inception,stensson,3.0
510,Inception,MovieGuy109,5.0
511,Inception,mrcibubur,5.0
512,Inception,Victor_Fallon,4.0
513,Inception,cmoyton,1.0
514,Inception,antileft,1.0
515,Inception,Minerva_Meybridge,1.0
516,Inception,Ziya90,7.0
517,Inception,adrean-819-339098,5.0
518,Inception,moviewizguy,7.0
519,Inception,Avanti16,4.0
520,Inception,ashleybelsham,5.0
521,Inception,pefrss,1.0
522,Inception,mikealike,9.0
523,Inception,Danielpotato,9.0
524,Inception,neil-arsenal,3.0
675,Inception,nogodnomasters,10.0
676,Inception,nebukanezer,1.0
677,Inception,ferdinand1932,3.0
678,Inception,sampsonart,2.0
679,Inception,3xHCCH,8.0
680,Inception,bkoganbing,9.0
681,Inception,RobTheWatcher,9.0
682,Inception,Slim_Jack_Rabbit,1.0
683,Inception,Christian_Dimartino,10.0
684,Inception,dpajur,1.0
685,Inception,parrot007,9.0
686,Inception,adrongardner,8.0
687,Inception,moonspinner55,7.0
688,Inception,SausagePourVous,5.0
689,Inception,badajoz-1,2.0
690,Inception,catch_a_fire_2079,2.0
691,Inception,Snowgoat,7.0
692,Inception,captain_dimpf,4.0
693,Inception,PlatoSays,4.0
694,Inception,jemps918,10.0
695,Inception,englishpete65,4.0
696,Inception,agreaves-8-151592,5.0
697,Inception,laurenthoutent,1.0
698,Inception,Edu-16,6.0
699,Inception,diomavro,6.0
875,Inception,altamishsiddiquee,7.0
876,Inception,bayou_hannibal,6.0
877,Inception,ukproject,3.0
878,Inception,RichardSRussell-1,9.0
879,Inception,juliahro,2.0
880,Inception,silmaril-6,7.0
881,Inception,areatw,4.0
882,Inception,kevinalvarezp,4.0
883,Inception,zubsero,1.0
884,Inception,cadillac20,10.0
885,Inception,chris1987,1.0
886,Inception,stopjen,1.0
887,Inception,freshorange,1.0
888,Inception,Caribstu,3.0
889,Inception,g-96059,8.0
890,Inception,msoysta,4.0
891,Inception,TaZmAnOO7,3.0
892,Inception,terrypeck,2.0
893,Inception,st-shot,3.0
894,Inception,j_graves68,5.0
895,Inception,casualobjection,9.0
896,Inception,Tokyo-1997,7.0
897,Inception,TheThirdWoman84,2.0
898,Inception,al-939-110267,3.0
899,Inception,anand-27,4.0
1100,Inception,socrates99,8.0
1101,Inception,spookyrat1,7.0
1102,Inception,namashi_1,10.0
1103,Inception,Wrapper30,6.0
1104,Inception,eastcoastguyz,9.0
1105,Inception,whistlerspa,1.0
1106,Inception,Adorable,4.0
1107,Inception,EvanKevelson,7.0
1108,Inception,paperback_wizard,10.0
1109,Inception,TheTrexr,1.0
1110,Inception,amazon-41,1.0
1111,Inception,dragokin,4.0
1112,Inception,phatdan,8.0
1113,Inception,mahmus,7.0
1114,Inception,maratonrunner,5.0
1115,Inception,AlejandroFCC,4.0
1116,Inception,and_mikkelsen,9.0
1117,Inception,temrok9,3.0
1118,Inception,Attila_the_gorilla,2.0
1119,Inception,FunchoExpress,6.0
1120,Inception,howardeisman,1.0
1121,Inception,NanoFrog,1.0
1122,Inception,CuriosityKilledShawn,7.0
1123,Inception,PWNYCNY,7.0
1124,Inception,adlion944,9.0
1350,Inception,johanncats,1.0
1351,Inception,whatch-17931,4.0
1352,Inception,numenorsniper-66396,9.0
1353,Inception,JohnSeal,6.0
1354,Inception,Theo Robertson,5.0
1355,Inception,hot_action_ninja,7.0
1356,Inception,Healing_Process,6.0
1357,Inception,Marko_Rop,1.0
1358,Inception,Chris-742,2.0
1359,Inception,m_antrim1,1.0
1360,Inception,tortoiseman_526,4.0
1361,Inception,nirradi,1.0
1362,Inception,saintorr,2.0
1363,Inception,chadd firchau,6.0
1364,Inception,Maelific71,4.0
1365,Inception,CaseyFlynn,4.0
1366,Inception,treyplemons,9.0
1367,Inception,TheCinemaMan,5.0
1368,Inception,croetoan,5.0
1369,Inception,Fields201,6.0
1370,Inception,Zyxyzmusic,4.0
1371,Inception,paris_whitney_hilton_nyc,4.0
1372,Inception,michael-561-692892,4.0
1373,Inception,Ryan_V,1.0
1374,Inception,maloned,7.0
1625,Inception,electrifier4,1.0
1626,Inception,pbayle3,4.0
1627,Inception,parolina,1.0
1628,Inception,mnoraznan,1.0
1629,Inception,shorvath55,3.0
1630,Inception,kattegat,1.0
1631,Inception,CelluloidDog,7.0
1632,Inception,alexx668,7.0
1633,Inception,seabrapalma,2.0
1634,Inception,dick-sanders,4.0
1635,Inception,mikezexcel,1.0
1636,Inception,deatman9,1.0
1637,Inception,bruce2-1,5.0
1638,Inception,zadok-332-444684,4.0
1639,Inception,lhnrlmitz,1.0
1640,Inception,zeki-4,6.0
1641,Inception,whatever-tanveer,5.0
1642,Inception,youthandyoungmanhood,4.0
1643,Inception,mreesesh,1.0
1644,Inception,hagner2,1.0
1645,Inception,j-nouwens-461-33148,3.0
1646,Inception,rjw930,6.0
1647,Inception,rraa-dd,1.0
1648,Inception,ItsRobinTV,9.0
1649,Inception,Zando777,9.0
1925,Inception,daadv,6.0
1926,Inception,sj7075-292-151006,1.0
1927,Inception,burtofprey-1,1.0
1928,Inception,deickos,3.0
1929,Inception,mikethevike,1.0
1930,Inception,joehemmings68,7.0
1931,Inception,stupidus,1.0
1932,Inception,imagiking,7.0
1933,Inception,rusoviet,2.0
1934,Inception,rob_holthaus,5.0
1935,Inception,maryfeather80,4.0
1936,Inception,ermhm,6.0
1937,Inception,jjolla888,1.0
1938,Inception,JosuNuverz,4.0
1939,Inception,Quinoa1984,9.0
1940,Inception,john-davis3224,4.0
1941,Inception,plupu66,3.0
1942,Inception,Bunuel1976,7.0
1943,Inception,dazzking,5.0
1944,Inception,johnny-89987,3.0
1945,Inception,zurdulla,9.0
1946,Inception,rooee,6.0
1947,Inception,Eumenides_0,8.0
1948,Inception,blowfly13,5.0
1949,Inception,gunnar_zero-1,1.0
2250,Inception,with_the_flames_i_die126,10.0
2251,Inception,boris-karloff-1,1.0
2252,Inception,vsdobbs,2.0
2253,Inception,harry-austin,3.0
2254,Inception,gamer864,1.0
2255,Inception,mxbishop,4.0
2256,Inception,Spondonman,8.0
2257,Inception,bmennen,6.0
2258,Inception,proletinchen,2.0
2259,Inception,tharrington-3,5.0
2260,Inception,fifibelle,10.0
2261,Inception,sa_online,10.0
2262,Inception,dumsumdumfai,7.0
2263,Inception,jan_kalina,10.0
2264,Inception,thebucketrider,7.0
2265,Inception,RonellSowes,3.0
2266,Inception,DA30103,1.0
2267,Inception,PennyLANE77,7.0
2268,Inception,demonterka,1.0
2269,Inception,dmgreer,7.0
2270,Inception,thesevenelevenguy,1.0
2271,Inception,GirishGowda,10.0
2272,Inception,lordfrazer,1.0
2273,Inception,badatz,1.0
2274,Inception,lachcatoknca,6.0
2600,Inception,eatpajdittsvin,7.0
2601,Inception,GFDTommasino,3.0
2602,Inception,TomatoElephant,4.0
2603,Inception,sider0,10.0
2604,Inception,onelyfunitd,10.0
2605,Inception,brett-76260,3.0
2606,Inception,gbghykwg,2.0
2607,Inception,Rectangular_businessman,6.0
2608,Inception,derwunderbaremandarin,4.0
2609,Inception,dan-887-622083,1.0
2610,Inception,Quietb-1,2.0
2611,Inception,Apemangalore,9.0
2612,Inception,richard-810,6.0
2613,Inception,garydiamond,7.0
2614,Inception,bill_b4,4.0
2615,Inception,dpvog,9.0
2616,Inception,dbk-923-252984,2.0
2617,Inception,ironhorse_iv,9.0
2618,Inception,hanjhking,9.0
2619,Inception,mp31415,1.0
2620,Inception,brettchatz-1,5.0
2621,Inception,AlmelchIIX,2.0
2622,Inception,Zaphod2000,3.0
2623,Inception,Quebec_Dragon,7.0
2624,Inception,monty_lnct,9.0
2975,Inception,krzysiektom,9.0
2976,Inception,melgarcia40,7.0
2977,Inception,trudiecarr,4.0
2978,Inception,me_n_myself2199,6.0
2979,Inception,smatysia,8.0
2980,Inception,redout22,4.0
2981,Inception,kieronboote-134-969472,2.0
2982,Inception,shakawtwf,3.0
2983,Inception,eXistenZial,4.0
2984,Inception,rakasome,1.0
2985,Inception,nomerit,1.0
2986,Inception,soldiertoddopos24536,4.0
2987,Inception,chaney1888,2.0
2988,Inception,mkc1218,1.0
2989,Inception,afarr000,4.0
2990,Inception,Joeyistheman,1.0
2991,Inception,joe_raja,9.0
2992,Inception,mhblack91,2.0
2993,Inception,XueHuaBingYu,6.0
2994,Inception,classicsoncall,10.0
2995,Inception,cracker,3.0
2996,Inception,comquest,3.0
2997,Inception,kayteecee,7.0
2998,Inception,audiorepairs,5.0
2999,Inception,warlund71,5.0
3375,Inception,dave-sturm,9.0
3376,Inception,Sillypooh,5.0
3377,Inception,MONA0825,2.0
3378,Inception,catpantry,7.0
3379,Inception,Kirpianuscus,9.0
3380,Inception,ashdoc53,9.0
3381,Inception,Vartiainen,10.0
3382,Inception,xNecRosex,10.0
3383,Inception,Psalm52,9.0
3384,Inception,utpal_das,9.0
3385,Inception,DUKEJBM,9.0
3386,Inception,ikanboy,7.0
3387,Inception,AaronCapenBanner,7.0
3388,Inception,Mr-Fusion,7.0
3389,Inception,gsic_batou,10.0
3390,Inception,BeatlesFan3287,10.0
3391,Inception,chintusrikanth-58753,10.0
3392,Inception,bobbyelliott,2.0
3393,Inception,cathcacr,5.0
3394,Inception,adammcadam,4.0
3395,Inception,p-stepien,7.0
3396,Inception,cricketbat,9.0
3397,Inception,damianphelps,9.0
3398,Inception,Wistfull,2.0
3399,Inception,EUyeshima,8.0
3800,Inception,mr_congenialityng,10.0
3801,Inception,chrissmith156,5.0
3802,Inception,x_badd,1.0
3803,Inception,gregeichelberger,7.0
3804,Inception,Top_Dawg_Critic,8.0
3805,Inception,Jay-1168,10.0
3806,Inception,Bored_Dragon,10.0
3807,Inception,dlooke,4.0
3808,Inception,napierslogs,8.0
3809,Inception,LTDwithMWP,5.0
3810,Inception,phoebe404,1.0
3811,Inception,Francois84,1.0
3812,Inception,fraggy,1.0
3813,Inception,zhubertX,2.0
3814,Inception,blacklist-1,10.0
3815,Inception,hell_boykissmyass,10.0
3816,Inception,doomedmac,9.0
3817,Inception,HareTrinity,9.0
3818,Inception,godsdisciple,4.0
3819,Inception,Leofwine_draca,8.0
3820,Inception,charlotetoong,10.0
3821,Inception,Johnny-the-Film-Sentinel-2187,10.0
3822,Inception,batiste-bieler,1.0
3823,Inception,samuelding85,9.0
3824,Inception,noalygh,4.0
4250,Inception,winteranyway,2.0
4251,Inception,CinemaClown,9.0
4253,Inception,reinbo,2.0
4254,Inception,modomofo,1.0
4255,Inception,SPZMaxinema,8.0
4256,Inception,CurrySmuggler,1.0
4257,Inception,george.schmidt,10.0
4258,Inception,surfDOL72,1.0
4259,Inception,Denkverbot,5.0
4260,Inception,zac-04879,6.0
4261,Inception,squicker,7.0
4262,Inception,Carlmmm,4.0
4263,Inception,mnjacks,10.0
4264,Inception,themissingpatient,6.0
4265,Inception,ddzsfp,10.0
4266,Inception,Alexstam54,4.0
4267,Inception,sheepmonk2000,8.0
4268,Inception,Lord_Squinty,9.0
4269,Inception,AlmaCuerpocaliente,7.0
4270,Inception,tbills2,8.0
4271,Inception,Brawl_666,9.0
4272,Inception,K3nzit,7.0
4273,Inception,jsn-987-168236,1.0
4274,Inception,robdor,4.0
4725,Inception,jmstraight-989-150276,4.0
4726,Inception,mcsheehey,8.0
4727,Inception,Naomh,6.0
4728,Inception,a-little-squeek,6.0
4729,Inception,micz81,6.0
4730,Inception,RedLime,6.0
4731,Inception,Meven_Stoffat,10.0
4732,Inception,pazu7,9.0
4733,Inception,Hellmant,10.0
4734,Inception,ap_griffiths,5.0
4735,Inception,thepowerofnow,1.0
4736,Inception,Screen_O_Genic,8.0
4737,Inception,Hinosan417,7.0
4738,Inception,michael-piotrowski,4.0
4739,Inception,SafReviews,8.0
4740,Inception,Radu_A,7.0
4741,Inception,new-old1,10.0
4742,Inception,rwelch0856,1.0
4743,Inception,GManfred,9.0
4744,Inception,timucin_savas,10.0
4745,Inception,bunts-92073,1.0
4746,Inception,Tcarts76,10.0
4747,Inception,isisinhouston,2.0
4748,Inception,esposip,7.0
4749,Inception,akorna,5.0
5225,Inception,mgd_m,9.0
5226,Inception,ssssgelojun,10.0
5227,Inception,naderq-1,4.0
5228,Inception,H-x-mon,9.0
5229,Inception,youngbonzi,7.0
5230,Inception,ash-47,1.0
5231,Inception,MGabbard,9.0
5232,Inception,pukasan,3.0
5233,Inception,DreadCthulhu,2.0
5234,Inception,bitsnumber1,8.0
5235,Inception,anthony_retford,3.0
5236,Inception,chelano,8.0
5237,Inception,quinnox-1,5.0
5238,Inception,eyeoftheghost,5.0
5239,Inception,JBreez,10.0
5240,Inception,budmassey,5.0
5241,Inception,jwbeller,1.0
5242,Inception,zetes,10.0
5243,Inception,ticket_for_one,10.0
5244,Inception,Jules45,10.0
5245,Inception,nk4263,10.0
5246,Inception,JuanKaius,10.0
5247,Inception,brucerussellmyers,7.0
5248,Inception,jasminn_tan,9.0
5249,Inception,cm_anon76,7.0
5750,Inception,solsikkegh,4.0
5751,Inception,rogerdob,1.0
5752,Inception,david-1843,1.0
5753,Inception,neilogue,1.0
5754,Inception,ahelghanai,4.0
5755,Inception,launcelot2000,1.0
5756,Inception,kdavidbushnell,1.0
5757,Inception,lewiskendell,9.0
5758,Inception,rucricket,4.0
5759,Inception,cdjh-81125,10.0
5760,Inception,nhalaban,2.0
5761,Inception,simulox,9.0
5762,Inception,freddy54-211-469054,1.0
5763,Inception,marcellopenso,3.0
5764,Inception,Acello,9.0
5765,Inception,phaenomenalbert,7.0
5766,Inception,Filmazer,7.0
5767,Inception,Stampsfightclub,9.0
5768,Inception,jon.h.ochiai,10.0
5769,Inception,Karl Self,6.0
5770,Inception,greenbeavervideo,8.0
5771,Inception,nikowanamate,7.0
5772,Inception,giren-ismaya,8.0
5773,Inception,jaredpahl,5.0
6298,Inception,Ruskington,7.0
6299,Inception,yashrajs536,10.0
6300,Inception,agmoldham,5.0
6301,Inception,ajs-10,10.0
6302,Inception,m_j_dampier,1.0
6303,Inception,taylorann1,10.0
6304,Inception,lucasversantvoort,7.0
6305,Inception,ProjectAnomaly,1.0
6306,Inception,totalniopoziv,2.0
6307,Inception,joninoxford,1.0
6308,Inception,DonFishies,9.0
6309,Inception,gibat51,1.0
6310,Inception,winsumlosesum,3.0
6311,Inception,nat-darke,1.0
6312,Inception,trockstroh,1.0
6313,Inception,william-eugensson,9.0
6314,Inception,trinity-destler,4.0
6315,Inception,Jonny_Numb,6.0
6316,Inception,pforpoed,6.0
6317,Inception,robertodonati-1,2.0
6318,Inception,WasiReviews,9.0
6319,Inception,blackmamba99971,10.0
6320,Inception,stormarm,1.0
6321,Inception,EtherealMind,9.0
6322,Inception,RyanCShowers,9.0
6872,Inception,vlferenczy,1.0
6873,Inception,fudanchu,6.0
6874,Inception,inkblot11,10.0
6875,Inception,Tomoosterbroek,7.0
6876,Inception,frankylamouche,1.0
6877,Inception,ariasisaac-89085,2.0
6878,Inception,g-87877,10.0
6879,Inception,ziancara,10.0
6880,Inception,klesker,10.0
6881,Inception,the_rattlesnake25,8.0
6882,Inception,fantasyescapist,9.0
6883,Inception,Horst_In_Translation,8.0
6884,Inception,plankwanker,6.0
6885,Inception,fred-kolb,10.0
6886,Inception,tod3058,2.0
6887,Inception,trainerrusty,6.0
6888,Inception,Legendary_Badass,8.0
6889,Inception,bertrand_croft,1.0
6890,Inception,bignuts-06245,8.0
6891,Inception,GHarlow-897-186408,7.0
6892,Inception,iller1234,8.0
6893,Inception,fiendofilm,1.0
6894,Inception,eduardoantaramian,10.0
6895,Inception,IreneWatsonC,9.0
6896,Inception,Astralan,10.0
7471,Inception,Zrn87,1.0
7472,Inception,jacqueline-439-75489,5.0
7473,Inception,jaskunwar993,10.0
7474,Inception,lifefourhome,10.0
7475,Inception,philipposx-12290,9.0
7476,Inception,kunalkhandwala,10.0
7477,Inception,liam-burford-696-576984,2.0
7478,Inception,adamkeane-946-730333,6.0
7479,Inception,jzappa,9.0
7480,Inception,thekyles99,5.0
7481,Inception,LeightWinst,9.0
7482,Inception,stayup_all_night,6.0
7483,Inception,pickle-92642,10.0
7484,Inception,moonfish-51699,4.0
7485,Inception,victuki,10.0
7486,Inception,BorisKarpov,1.0
7487,Inception,lee_eisenberg,8.0
7488,Inception,billr672002-1,10.0
7489,Inception,stevipp,1.0
7490,Inception,desoutter,1.0
7491,Inception,jordache-wee,9.0
7492,Inception,JTPB,5.0
7493,Inception,iluvfilm5,1.0
7494,Inception,filmiky,6.0
7495,Inception,alexart-1,10.0
8095,Inception,johnnyboyz,6.0
8096,Inception,ma-cortes,7.0
8097,Inception,Movie_Muse_Reviews,9.0
8098,Inception,eschetic-2,8.0
8099,Inception,Dane88,4.0
8100,Inception,Calicodreamin,8.0
8101,Inception,Ashcropolis,10.0
8102,Inception,r-89491,7.0
8103,Inception,allah_is_mighty,4.0
8104,Inception,marcel-haagen,1.0
8105,Inception,hywellda,3.0
8106,Inception,jburtroald95,8.0
8107,Inception,wagtheschmoo,1.0
8108,Inception,probez,6.0
8109,Inception,monsterhunt-94296,10.0
8110,Inception,aristophanes,5.0
8111,Inception,markphilo,4.0
8112,Inception,Michaelnathaniel,9.0
8113,Inception,shoktart,10.0
8114,Inception,debniak,9.0
8115,Inception,blndbahaden,10.0
8116,Inception,altrockfan,1.0
8117,Inception,robbieclaravall,4.0
8118,Inception,Matt_Layden,10.0
8119,Inception,matthewjloller,10.0
8744,Inception,faisal_khatib,9.0
8745,Inception,thomas-hardcastle-2,8.0
8746,Inception,mgallant-6,1.0
8747,Inception,cliscow,1.0
8748,Inception,TheGOLDENWALRUS,10.0
8749,Inception,wy-90259,10.0
8750,Inception,eddie_baggins,10.0
8751,Inception,freemantle_uk,10.0
8752,Inception,redp,6.0
8753,Inception,tomblakey-27156,10.0
8754,Inception,c-devnull,4.0
8755,Inception,Manal1987,7.0
8756,Inception,cybersupam,9.0
8757,Inception,whatever_123,10.0
8758,Inception,razor-mp,10.0
8759,Inception,jcvdxxx,5.0
8760,Inception,r96sk,10.0
8761,Inception,JGTurner-364-300307,6.0
8762,Inception,blanche-2,10.0
8763,Inception,gary-444,10.0
8764,Inception,liamgt-82128,9.0
8765,Inception,bobbobwhite,7.0
8766,Inception,Farhad_Aziz,10.0
8767,Inception,gopikirandirector,10.0
8768,Inception,pete-murphy97,8.0
